菜名,主要食材,輔助食材,熱量 kcal,蛋白質 g,碳水 g,圖片網址
九層塔烘蛋,九層塔,雞蛋、蒜頭、鹽、胡椒、醬油、米酒、沙拉油,180,11,4,https://github.com/lihua00120/chat-_bot/blob/main/images/九層塔烘蛋.jpg
九層塔青醬雞肉義大利麵,九層塔、雞胸肉、松子、義大利麵,蒜頭、帕瑪森起司、橄欖油、黑胡椒、鹽,520,14,60,https://github.com/lihua00120/chat-_bot/blob/main/images/九層塔烘蛋.jpg
九層塔豆腐,九層塔、嫩豆腐、蒜、辣椒,醬油、米酒、糖、薑、香油、蔥花,160,13,6,https://github.com/lihua00120/chat-_bot/blob/main/images/九層塔烘蛋.jpg
南瓜濃湯,南瓜、洋蔥,鮮奶、奶油、鹽、白胡椒、蔥花、水,150,4,22,https://github.com/lihua00120/chat-_bot/blob/main/images/九層塔烘蛋.jpg
南瓜蒸蛋,南瓜、蛋、蔥,鹽、清水、米酒、沙拉油,130,9,10,https://github.com/lihua00120/chat-_bot/blob/main/images/九層塔烘蛋.jpg
秀珍菇炒蛋,秀珍菇、蛋、蒜,鹽、胡椒、醬油、蔥花、沙拉油,170,11,5,https://github.com/lihua00120/chat-_bot/blob/main/images/九層塔烘蛋.jpg
白菜豆腐湯,包心白菜、豆腐、金針菇,薑片、鹽、白胡椒、昆布高湯、蔥花,110,9,8,https://github.com/lihua00120/chat-_bot/blob/main/images/九層塔烘蛋.jpg
蒜炒青菜,大蒜、小白菜、油菜,鹽、醬油、白胡椒、沙拉油,90,3,6,https://github.com/lihua00120/chat-_bot/blob/main/images/九層塔烘蛋.jpg
巴西利烤雞,巴西利、雞胸肉、蒜,橄欖油、黑胡椒、鹽、迷迭香、檸檬汁,260,38,0,https://github.com/lihua00120/chat-_bot/blob/main/images/九層塔烘蛋.jpg
扁蒲湯,扁蒲、排骨、薑,鹽、白胡椒、蔥花、水,120,10,7,https://github.com/lihua00120/chat-_bot/blob/main/images/九層塔烘蛋.jpg
三杯雞,雞腿肉、九層塔,薑片、蒜頭、麻油、醬油、米酒、糖、辣椒,350,35,10,https://github.com/lihua00120/chat-_bot/blob/main/images/九層塔烘蛋.jpg
九層塔蛤蜊,九層塔、蛤蜊,蒜頭、辣椒、米酒、薑片、鹽、蔥花,150,18,5,https://github.com/lihua00120/chat-_bot/blob/main/images/九層塔烘蛋.jpg
冬瓜排骨湯,冬瓜、排骨,薑片、蒜頭、鹽、白胡椒、蔥花、米酒、水,220,25,5,https://github.com/lihua00120/chat-_bot/blob/main/images/九層塔烘蛋.jpg
燒冬瓜,冬瓜、香菇,醬油、冰糖、薑、辣椒、蒜頭、米酒、水,130,3,20,https://github.com/lihua00120/chat-_bot/blob/main/images/九層塔烘蛋.jpg
冬瓜封,冬瓜、豬絞肉、蝦米、香菇,、紅蔥頭、蒜頭、醬油、米酒、白胡椒、糖,250,18,15,https://github.com/lihua00120/chat-_bot/blob/main/images/九層塔烘蛋.jpg
清炒冬瓜,冬瓜、蝦米,蒜頭、鹽、白胡椒、沙拉油,80,1,8,https://github.com/lihua00120/chat-_bot/blob/main/images/九層塔烘蛋.jpg
冬瓜鮮蝦捲,冬瓜、蝦仁、紅蘿蔔,蔥花、薑末、太白粉、醬油、米酒、白胡椒粉、香油、水,180,20,10,https://github.com/lihua00120/chat-_bot/blob/main/images/九層塔烘蛋.jpg
開陽白菜,包心白菜、蝦米、香菇,蒜頭、醬油、鹽、糖、沙拉油,120,5,12,https://github.com/lihua00120/chat-_bot/blob/main/images/九層塔烘蛋.jpg
砂鍋白菜滷,包心白菜、肉絲、紅蘿蔔、扁魚,蛋酥、醬油、蒜頭、薑片、米酒、白胡椒、水,200,15,10,https://github.com/lihua00120/chat-_bot/blob/main/images/九層塔烘蛋.jpg
辣炒包心白菜,包心白菜,蒜頭、辣椒、醬油、鹽、白胡椒、沙拉油,90,2,7,https://github.com/lihua00120/chat-_bot/blob/main/images/九層塔烘蛋.jpg
白菜水餃,包心白菜、豬絞肉,薑末、蒜末、鹽、醬油、麻油、白胡椒,280,18,25,https://github.com/lihua00120/chat-_bot/blob/main/images/九層塔烘蛋.jpg
酸菜白肉鍋,包心白菜、豬五花肉、酸菜、凍豆腐,高湯、蒜頭、薑片、白胡椒,350,25,15,https://github.com/lihua00120/chat-_bot/blob/main/images/九層塔烘蛋.jpg
金沙南瓜,鹹蛋黃、南瓜,蒜頭、蔥花、奶油、白胡椒、沙拉油,210,8,15,https://github.com/lihua00120/chat-_bot/blob/main/images/九層塔烘蛋.jpg
南瓜炒米粉,肉絲、蝦米、香菇、南瓜、米粉,蒜頭、醬油、白胡椒、沙拉油,320,10,50,https://github.com/lihua00120/chat-_bot/blob/main/images/九層塔烘蛋.jpg
南瓜泥,南瓜,砂糖或蜂蜜、奶油、肉桂粉、牛奶,140,3,30,https://github.com/lihua00120/chat-_bot/blob/main/images/九層塔烘蛋.jpg
焗烤南瓜,南瓜、培根,鮮奶油、起司絲、黑胡椒、鹽、奶油,300,15,20,https://github.com/lihua00120/chat-_bot/blob/main/images/九層塔烘蛋.jpg
蒜蓉蒸蝦,蝦子,大蒜、米酒、醬油、蔥花、薑片、白胡椒、鹽,240,30,8,https://github.com/lihua00120/chat-_bot/blob/main/images/九層塔烘蛋.jpg
蒜泥白肉,豬五花肉 (或豬里肌肉),大蒜、醬油、醋、糖、辣椒、薑絲、香油、白胡椒,300,20,10,https://github.com/lihua00120/chat-_bot/blob/main/images/九層塔烘蛋.jpg
蒜香奶油烤雞腿,雞腿肉,大蒜、奶油、百里香、迷迭香、黑胡椒、鹽、橄欖油,380,35,5,https://github.com/lihua00120/chat-_bot/blob/main/images/九層塔烘蛋.jpg
蒜炒青菜,青菜 (如菠菜或空心菜),大蒜、鹽、白胡椒、沙拉油、米酒,110,3,10,https://github.com/lihua00120/chat-_bot/blob/main/images/九層塔烘蛋.jpg
蒜頭雞湯,雞肉塊,大蒜整顆、米酒、薑片、蒜頭切片、枸杞、鹽、高湯、白胡椒,250,28,5,https://github.com/lihua00120/chat-_bot/blob/main/images/九層塔烘蛋.jpg
蒜香排骨,蒜頭、排骨,醬油、米酒、糖、薑片,380,28,15,https://github.com/lihua00120/chat-_bot/blob/main/images/九層塔烘蛋.jpg
香菇小白菜,香菇、小白菜,蠔油、蒜頭、薑片、白胡椒、沙拉油,110,3,10,https://github.com/lihua00120/chat-_bot/blob/main/images/九層塔烘蛋.jpg
麻醬拌小白菜,小白菜,芝麻醬、醬油、醋、糖、蒜蓉、白芝麻、香油,150,6,12,https://github.com/lihua00120/chat-_bot/blob/main/images/九層塔烘蛋.jpg
小白菜豆腐湯,小白菜、豆腐,薑片、高湯、鹽、白胡椒、麻油、蔥花,130,10,5,https://github.com/lihua00120/chat-_bot/blob/main/images/九層塔烘蛋.jpg
小白菜炒年糕,豬肉絲、小白菜、年糕,醬油、白胡椒、蒜頭、沙拉油、香油,380,15,55
義式巴西利海鮮湯,番茄、洋蔥、巴西利、蛤蜊、蝦子、白肉魚,白酒、蒜頭、鹽、黑胡椒、高湯,260,30,8
巴西利香蒜義大利麵,巴西利、義大利麵,蒜片、橄欖油、辣椒、黑胡椒、鹽,420,12,65
塔布勒沙拉 (Tabouleh),巴西利 (大量)、番茄、小黃瓜,北非小米、檸檬汁、橄欖油、薄荷、鹽、黑胡椒,160,5,25
香草奶油鮭魚,巴西利、鮭魚排,奶油、檸檬汁、黑胡椒、鹽、蒜末,350,32,4
香蒜奶油巴西利麵包,法國麵包、巴西利,奶油、蒜泥、鹽、黑胡椒,200,5,30
扁蒲蝦仁炒蛋,蝦仁、扁蒲、雞蛋,蒜頭、薑絲、鹽、白胡椒、米酒、蔥花、沙拉油,150,12,10
古早味扁蒲鹹粥,豬肉絲、扁蒲、米飯、香菇,蝦皮、油蔥酥、薑絲、蒜頭、鹽、白胡椒、高湯,280,15,35
涼拌扁蒲,扁蒲,蒜頭、香油、醋、糖、辣椒、白芝麻、鹽,60,1,10
扁蒲煎餅,扁蒲、雞蛋、蝦米,麵粉、鹽、黑胡椒、蔥花、沙拉油,230,8,30
乾煸四季豆,豬絞肉、敏豆,蒜頭、蔥花、榨菜末、醬油、白胡椒、沙拉油,250,15,15
四季豆炒肉絲,敏豆、豬肉絲,蒜頭、醬油、米酒、白胡椒、辣椒、沙拉油,180,18,10
四季豆炒蛋,敏豆、雞蛋,牛奶、鹽、黑胡椒、奶油或沙拉油,210,15,8
涼拌四季豆,敏豆,芝麻醬、醬油、醋、糖、蒜蓉、白芝麻、香油,130,5,15
辣炒四季豆,敏豆,蝦醬、辣椒、檸檬葉、魚露、蒜頭、糖、沙拉油,160,5,12
奶油香煎杏鮑菇,杏鮑菇,奶油、蒜片、鹽、黑胡椒、迷迭香（可選）,140,5,10
三杯杏鮑菇,杏鮑菇,麻油、薑片、九層塔、醬油、米酒、冰糖、蒜頭,190,6,18
椒鹽杏鮑菇,杏鮑菇、九層塔,酥炸粉、椒鹽粉、蒜末、油,280,8,30
金沙杏鮑菇,鹹蛋黃、杏鮑菇,蒜蓉、辣椒、奶油、蔥花、糖、胡椒、少許油,260,6,14
杏鮑菇炒肉片,杏鮑菇、豬肉片,蒜頭、醬油、太白粉、米酒、白胡椒、沙拉油,220,20,10
蒜蓉炒油菜,油菜,蒜頭、鹽、白胡椒、米酒、沙拉油,90,3,6
蠔油油菜,油菜,蠔油、蒜頭、鹽、白胡椒、沙拉油,110,3,10
姜絲油菜湯,油菜,薑絲、蒜頭、鹽、高湯、白胡椒、蔥花,70,2,5
油菜炒香菇,油菜、香菇,蒜頭、醬油、米酒、白胡椒、沙拉油,120,4,10
沙茶牛肉炒油菜,油菜、牛肉片,蒜頭、醬油、沙茶醬、糖、米酒、白胡椒、沙拉油,260,22,8
洋蔥炒蛋,洋蔥、雞蛋,鹽、胡椒、蔥花、米酒、沙拉油,200,12,10
日式洋蔥沙拉,洋蔥,柴魚片、和風醬、白芝麻、醬油、米醋、糖,90,2,10
法式洋蔥湯,洋蔥、起司、法國麵包,奶油、高湯、白胡椒、鹽,250,8,25
洋蔥圈,麵包粉、雞蛋、麵粉、洋蔥,鹽、胡椒、油,320,6,45
紅酒洋蔥燉牛肉,紅蘿蔔、番茄、洋蔥、牛腩,高湯、紅酒、蒜頭、醬油、米酒、黑胡椒、鹽,410,28,12
玉米炒蛋,玉米粒、雞蛋,鹽、胡椒、蔥花、米酒、沙拉油,220,12,18
玉米濃湯,奶油、牛奶、玉米、培根、洋蔥、麵粉,高湯、胡椒、鹽,260,7,32
奶油玉米炒蝦仁,玉米粒、蝦仁,奶油、蒜頭、鹽、胡椒、蔥花,280,20,14
玉米排骨湯,紅蘿蔔、玉米、白蘿蔔、排骨,薑片、蒜頭、鹽、白胡椒、米酒、水,300,20,18
烤玉米,玉米,醬油、糖、奶油、黑胡椒,210,4,38
彩椒炒牛肉,甜椒、牛肉片、洋蔥絲,蒜頭、醬油、米酒、糖、黑胡椒、鹽、沙拉油,280,22,12
涼拌彩椒沙拉,甜椒,橄欖油、黑胡椒、檸檬汁、鹽、白芝麻、少許蜂蜜,120,2,10
焗烤甜椒,起司絲、甜椒,黑胡椒、橄欖油、鹽、奶油,200,8,12
甜椒炒蛋,甜椒、雞蛋,鹽、黑胡椒、蔥花、米酒、沙拉油,210,12,8
甜椒雞丁,甜椒、雞胸肉丁,蒜頭、醬油、米酒、黑胡椒、糖、沙拉油、薑絲,260,24,10
番茄炒蛋,番茄、雞蛋,糖、鹽、蔥花、蒜頭、白胡椒、沙拉油,220,12,14
番茄牛腩湯,洋蔥、紅蘿蔔、番茄、牛腩,高湯、蒜頭、薑片、鹽、黑胡椒,380,30,16
涼拌番茄,番茄,梅子粉或砂糖、檸檬汁、薄荷葉（可選）,90,2,20
番茄肉醬義大利麵,番茄、豬絞肉、義大利麵,蒜頭、橄欖油、黑胡椒、鹽,480,14,70
番茄烤雞腿,番茄、雞腿肉、巴西利,蒜頭、黑胡椒、橄欖油、鹽、迷迭香,350,32,8
百合蓮子湯,百合、蓮子,冰糖、八角、水、枸杞（可選）,160,3,35
百合炒蘆筍,百合、蘆筍,蒜頭、鹽、白胡椒、沙拉油,120,4,10
百合枸杞雞湯,百合、雞肉,枸杞、薑片、蒜頭、鹽、白胡椒、水,260,22,8
百合蒸南瓜,百合、南瓜,冰糖、水、蜂蜜（可選）,180,3,38
銀杏百合蝦球,百合、蝦仁、銀杏,豌豆莢、薑、紅蘿蔔、蒜頭、鹽、白胡椒、沙拉油,140,4,18
蒜蓉炒皇宮菜,皇宮菜,蒜頭、鹽、白胡椒、米酒、沙拉油,90,3,7
皇宮菜蛋花湯,皇宮菜、雞蛋,昆布高湯、柴魚片、蔥花、白胡椒,120,8,10
涼拌皇宮菜,皇宮菜,蒜蓉、醬油、香油、白芝麻、醋、糖、鹽,80,2,6
皇宮菜炒蛋,皇宮菜、雞蛋,枸杞、鹽、胡椒、蒜頭、米酒、蔥花、沙拉油,190,12,6
皇宮菜蛤蜊湯,皇宮菜、蛤蜊,薑片、蒜頭、鹽、白胡椒、米酒、水,160,12,7
蜂蜜檸檬石蓮花,石蓮花,蜂蜜、檸檬汁、薄荷葉（可選）,60,1,12
石蓮花沙拉,小黃瓜、番茄、石蓮花,橄欖油、黑胡椒、檸檬汁、鹽,90,2,10
石蓮花蘋果汁,石蓮花、蘋果,檸檬汁、蜂蜜、水,110,1,25
石蓮花涼拌山藥,石蓮花、山藥,醋、醬油、白芝麻、蒜蓉、香油,120,3,20
石蓮花雞絲涼拌,石蓮花、雞胸肉絲,蒜蓉、醋、醬油、香油、白胡椒、糖,160,18,6
竹筍炒肉絲,竹筍、豬肉絲,蒜頭、醬油、米酒、白胡椒、沙拉油、薑絲,220,18,8
竹筍雞湯,竹筍、雞肉,薑片、蒜頭、鹽、白胡椒、米酒、水,190,16,7
涼拌竹筍,竹筍,美乃滋或醬油、香油、白芝麻、蒜蓉、鹽,110,3,10
竹筍炒蝦仁,竹筍、蝦仁,蒜頭、胡椒、米酒、鹽、沙拉油,200,20,6
紅燒竹筍,竹筍、香菇,醬油、冰糖、蒜頭、薑片、白胡椒、水,150,4,20
絲瓜蛤蜊湯,絲瓜、蛤蜊,薑片、蒜頭、鹽、白胡椒、米酒、水,140,10,9
蒜蓉炒絲瓜,絲瓜,蒜頭、鹽、白胡椒、沙拉油、蔥花,110,2,10
絲瓜炒蛋,絲瓜、雞蛋,鹽、胡椒、蒜頭、米酒、蔥花、沙拉油,200,12,8
絲瓜蝦仁,絲瓜、蝦仁,蒜頭、薑片、鹽、白胡椒、米酒、沙拉油,180,18,7
絲瓜豆腐煲,絲瓜、嫩豆腐,薑絲、蒜頭、鹽、高湯、白胡椒、蔥花,150,8,12
涼拌胡瓜,胡瓜,蒜蓉、醋、醬油、糖、白芝麻、香油、鹽,60,2,9
胡瓜炒蛋,胡瓜、雞蛋,蒜頭、鹽、白胡椒、米酒、蔥花、沙拉油,180,10,6
味噌胡瓜湯,胡瓜、豆腐,味噌、昆布高湯、洋蔥、柴魚片、白胡椒,120,8,10
胡瓜炒蛤蜊,胡瓜、蛤蜊,薑片、蒜頭、鹽、白胡椒、米酒、蔥花、沙拉油,150,12,7
胡瓜炒肉片,胡瓜、豬肉片,蒜頭、醬油、米酒、糖、白胡椒、薑絲、沙拉油,220,17,8
胡蘿蔔炒蛋,胡蘿蔔、雞蛋,蒜頭、鹽、白胡椒、蔥花、沙拉油,210,12,10
紅燒胡蘿蔔牛腩,番茄、洋葱、胡蘿蔔、牛腩,蒜頭、薑片、醬油、米酒、冰糖、高湯、黑胡椒,420,30,16
涼拌胡蘿蔔絲,胡蘿蔔,白醋、糖、鹽、白芝麻、香油,80,2,14
胡蘿蔔玉米濃湯,牛奶、洋蔥、胡蘿蔔、玉米,奶油、麵粉、鹽、白胡椒,260,6,28
胡蘿蔔炒雞丁,胡蘿蔔、雞胸肉丁,蒜頭、醬油、米酒、白胡椒、沙拉油,260,24,10
芥菜炒蛋,芥菜、雞蛋,蒜頭、鹽、白胡椒、蔥花、沙拉油,210,12,6
芥菜湯,芥菜,薑片、蒜頭、高湯、鹽、白胡椒,110,4,7
芥菜滷豆腐,芥菜、板豆腐,蒜頭、醬油、薑片、糖、白胡椒、米酒、水,180,12,10
芥菜蒸肉片,芥菜、豬肉片,蒜頭、醬油、米酒、白胡椒、薑絲,250,20,9
涼拌芥菜,芥菜,蒜蓉、醋、醬油、香油、白芝麻、糖、鹽,80,3,6
蒜蓉炒芥藍菜,芥藍菜,蒜頭、鹽、白胡椒、米酒、沙拉油,90,3,6
芥藍菜牛肉,芥藍菜、牛肉片,蒜頭、醬油、糖、米酒、黑胡椒、沙拉油,300,24,10
芥藍菜雞湯,芥藍菜、雞肉,薑片、蒜頭、鹽、白胡椒、米酒、水,180,16,7
芥藍菜炒蝦仁,芥藍菜、蝦仁,蒜頭、胡椒、鹽、米酒、沙拉油,210,20,6
涼拌芥藍菜,芥藍菜,蒜蓉、醋、香油、鹽、白芝麻、糖,70,2,5
蒜蓉炒花椰菜,花椰菜,蒜頭、鹽、白胡椒、沙拉油,120,4,10
花椰菜燙拌,花椰菜,醬油、蒜蓉、香油、白芝麻,90,3,8
花椰菜炒蝦仁,花椰菜、蝦仁,蒜頭、鹽、米酒、白胡椒、沙拉油,180,18,7
花椰菜雞肉湯,花椰菜、雞肉,薑片、蒜頭、鹽、白胡椒、高湯,160,15,6
烤花椰菜,花椰菜,橄欖油、黑胡椒、鹽、蒜粉,120,4,10
花胡瓜炒蛋,花胡瓜、雞蛋,蒜頭、鹽、白胡椒、蔥花、少許油,180,10,6
花胡瓜炒蝦仁,花胡瓜、蝦仁,蒜頭、薑片、米酒、鹽、白胡椒,170,18,5
花胡瓜味噌湯,味噌、豆腐、花胡瓜,昆布高湯、蔥花、白胡椒,120,8,10
涼拌花胡瓜,花胡瓜,蒜蓉、醋、醬油、香油、白芝麻,70,2,6
花胡瓜炒肉絲,花胡瓜、豬肉絲,蒜頭、醬油、米酒、白胡椒、少許油,220,16,8
芹菜炒豆干,芹菜、豆干,蒜頭、辣椒、醬油、白胡椒、沙拉油,160,12,10
芹菜炒牛肉,芹菜、牛肉片,蒜頭、醬油、糖、米酒、黑胡椒、沙拉油,300,24,10
芹菜炒花枝,芹菜、花枝,薑片、蒜頭、米酒、鹽、白胡椒,190,18,7
芹菜雞絲湯,芹菜、雞胸肉絲,薑片、蒜頭、鹽、白胡椒、蔥花,150,16,5
涼拌芹菜,芹菜,蒜蓉、醋、醬油、香油、白芝麻,80,2,6
苦瓜炒蛋,苦瓜、雞蛋,蒜頭、鹽、白胡椒、蔥花、沙拉油,200,12,6
苦瓜排骨湯,苦瓜、排骨,薑片、蒜頭、鹽、白胡椒、水,230,20,7
涼拌苦瓜,苦瓜,蒜蓉、醋、鹽、蜂蜜、冰水（降苦味）,70,2,6
苦瓜燒肉,苦瓜、豬肉片,蒜頭、醬油、糖、米酒、黑胡椒、沙拉油,260,18,10
苦瓜鹹蛋,苦瓜、鹹蛋,蒜頭、奶油、白胡椒、少許油,190,10,8
蒜蓉炒茄子,茄子,蒜頭、鹽、白胡椒、沙拉油,170,3,10
魚香茄子,茄子,蒜頭、辣椒、豆瓣醬、醬油、糖、米酒、薑末,250,5,20
涼拌茄子,茄子,蒜蓉、醋、醬油、香油、白芝麻,90,2,8
烤茄子,茄子,橄欖油、蒜末、黑胡椒、鹽,140,2,12
茄子燉豬肉,茄子、豬肉片,蒜頭、醬油、薑片、糖、米酒,280,18,12
茭白筍炒肉絲,茭白筍、豬肉絲,蒜頭、醬油、米酒、白胡椒、少許油,220,18,8
茭白筍炒蝦仁,茭白筍、蝦仁,薑片、蒜頭、鹽、米酒、白胡椒,190,18,6
茭白筍雞湯,茭白筍、雞肉,薑片、蒜頭、鹽、高湯,160,15,6
涼拌茭白筍,茭白筍,蒜蓉、醋、醬油、香油、白芝麻,80,2,7
茭白筍炒蛋,茭白筍、雞蛋,鹽、胡椒、蔥花、少許油,200,12,6
乾煸菜豆,菜豆,蒜頭、辣椒、醬油、糖、沙拉油,160,4,12
菜豆炒肉絲,菜豆、豬肉絲,蒜頭、醬油、米酒、白胡椒、少許油,230,18,8
菜豆炒蝦仁,菜豆、蝦仁,薑片、蒜頭、鹽、米酒,190,18,6
菜豆燉排骨,菜豆、排骨,薑片、蒜頭、鹽、高湯,260,20,8
涼拌菜豆,菜豆,蒜蓉、醋、醬油、香油、白芝麻,90,2,7
蒜蓉炒菠菜,菠菜,蒜頭、鹽、白胡椒、沙拉油,90,3,6
菠菜蛋花湯,菠菜,雞蛋、高湯、鹽、白胡椒、蔥花,110,7,5
涼拌菠菜,菠菜,蒜蓉、醋、醬油、香油、白芝麻,80,2,6
菠菜炒牛肉,菠菜、牛肉片,蒜頭、醬油、米酒、黑胡椒、少許油,280,24,8
菠菜豆腐味噌湯,菠菜、嫩豆腐,味噌、昆布高湯、白胡椒、蔥花,150,10,9
蓮藕排骨湯,蓮藕、排骨,薑片、蒜頭、鹽、白胡椒、高湯,260,20,18
涼拌蓮藕,蓮藕,醋、糖、蒜蓉、白芝麻、鹽,110,2,22
清炒蓮藕片,蓮藕,蒜頭、鹽、白胡椒、沙拉油,140,3,20
蓮藕燉牛腩,紅蘿蔔、蓮藕、牛腩,薑片、蒜頭、醬油、米酒,420,28,24
蜂蜜脆蓮藕,蓮藕,蜂蜜、檸檬汁、白芝麻,150,1,34
薑絲大腸,薑、大腸,醋、醬油、糖、蒜頭、辣椒,260,18,12
薑汁炒飯,薑、白飯,雞蛋、蔥、蒜頭、少許油,420,12,65
薑汁燒肉,薑、豬肉片,醬油、糖、米酒、蒜末,320,22,18
薑茶,薑,黑糖、水,90,0,22
薑燒豆腐,薑、板豆腐,醬油、蒜頭、糖、少許油,210,14,12
高麗菜炒蝦米,蝦米、甘藍,蒜頭、白胡椒、少許油,140,4,12
高麗菜滷豆腐,甘藍、板豆腐,蒜頭、醬油、薑片、少許油,180,12,10
高麗菜炒豬肉片,甘藍、豬肉片,蒜頭、醬油、米酒、糖、白胡椒,260,20,9
高麗菜味噌湯,味噌、豆腐、甘藍,昆布高湯、蔥花,120,8,10
涼拌高麗菜絲,甘藍,白醋、糖、鹽、白芝麻、少許香油,80,2,14
烤地瓜,甘藷,無,160,2,37
地瓜稀飯,甘藷、白米,水、鹽,180,3,38
蜜地瓜,甘藷,糖、水,220,1,48
地瓜濃湯,甘藷,洋蔥、牛奶、奶油、鹽、黑胡椒,240,5,35
地瓜球,木薯粉、甘藷,糖、油,210,1,42
蒜蓉炒地瓜葉,甘藷葉,蒜頭、鹽、少許油,120,3,7
地瓜葉味噌湯,味噌、豆腐、甘藷葉,昆布高湯,130,9,10
地瓜葉蒜拌,甘藷葉,蒜蓉、醬油、香油,90,2,6
地瓜葉炒小魚乾,甘藷葉、小魚乾,蒜頭、少許油,180,12,7
地瓜葉雞肉湯,甘藷葉、雞肉,薑片、鹽、高湯,200,18,6
芋頭燉排骨,芋、排骨,薑片、蒜頭、鹽,260,20,22
芋頭米粉湯,香菇、蝦米、豬肉絲、芋、米粉,蔥花,420,18,60
芋頭粥,芋、白米,水、鹽,200,4,38
蜜芋頭,芋,糖、水,230,2,50
芋頭燒雞,芋、雞肉,蒜頭、醬油、米酒、薑片,340,26,20
香菜魚湯,芫荽、魚片,薑片、蒜頭、鹽、高湯,150,18,4
香菜牛肉炒,芫荽、牛肉片,蒜頭、醬油、米酒、黑胡椒,280,24,8
香菜拌豬肝,芫荽、豬肝,薑絲、醋、醬油、蒜蓉,200,22,6
香菜蒸魚片,芫荽、魚片,蒜頭、米酒、鹽,210,25,4
香菜雞絲冷盤,芫荽、雞胸肉,醬油、醋、蒜蓉、糖,220,25,7
A菜炒豆皮,萵苣菜、豆皮,蒜頭、醬油、少許油、蔥花,160,10,8
A菜枸杞湯,萵苣菜,枸杞、薑片、鹽、高湯,100,3,6
A菜蒸肉餅,萵苣菜、豬絞肉,薑末、醬油、胡椒、少許糖,300,22,10
A菜炒冬粉,香菇、萵苣菜、冬粉,蒜頭、醬油、蔥花,320,8,52
A菜蒜蓉涼拌,萵苣菜,蒜蓉、醬油、香油、白芝麻,80,2,6
泰式空心菜,蕹菜,辣椒、蒜頭、魚露、檸檬汁,140,3,7
空心菜花生冷盤,蕹菜,花生碎、蒜蓉、醬油、香油、醋,150,5,8
空心菜牛奶湯,蕹菜,牛奶、洋蔥、白胡椒、鹽,180,7,12
空心菜蛋餅,蕹菜、雞蛋,鹽、胡椒、少許油、蔥花,220,14,10
空心菜海鮮煲,蕹菜、蝦仁、花枝,蒜頭、米酒、薑片、鹽,260,22,9
山藥雞肉粥,白米、薯蕷、雞胸肉,薑絲、鹽、水,210,15,28,https://github.com/lihua00120/chat-_bot/blob/main/images/九層塔烘蛋.jpg
味噌山藥湯,味噌、豆腐、薯蕷,昆布高湯、蔥花,160,9,20,https://github.com/lihua00120/chat-_bot/blob/main/images/九層塔烘蛋.jpg
山藥煎餅,薯蕷、麵粉,雞蛋、鹽、胡椒、蔥花,240,8,32,https://github.com/lihua00120/chat-_bot/blob/main/images/九層塔烘蛋.jpg
山藥燉牛肉,紅蘿蔔、洋蔥、薯蕷、牛肉,醬油、蒜頭,380,26,22,https://github.com/lihua00120/chat-_bot/blob/main/images/九層塔烘蛋.jpg
山藥涼拌梅子醬,薯蕷,梅子醬、白芝麻、少許砂糖,120,2,27,https://github.com/lihua00120/chat-_bot/blob/main/images/九層塔烘蛋.jpg
蘆筍炒牛肉,蘆筍、牛肉片,蒜頭、醬油、米酒、黑胡椒,280,24,8,https://github.com/lihua00120/chat-_bot/blob/main/images/九層塔烘蛋.jpg
奶油蘆筍濃湯,洋蔥、蘆筍,奶油、牛奶、鹽、白胡椒,210,6,18,https://github.com/lihua00120/chat-_bot/blob/main/images/九層塔烘蛋.jpg
蘆筍培根卷,蘆筍、培根,黑胡椒、少許油、蒜粉,190,10,5,https://github.com/lihua00120/chat-_bot/blob/main/images/九層塔烘蛋.jpg
涼拌蘆筍沙拉,蘆筍,橄欖油、檸檬汁、黑胡椒、鹽,120,3,7,https://github.com/lihua00120/chat-_bot/blob/main/images/九層塔烘蛋.jpg
蘆筍蒸蛋,蘆筍、雞蛋,鹽、水、胡椒、蔥花,160,12,6,https://github.com/lihua00120/chat-_bot/blob/main/images/九層塔烘蛋.jpg
香煎虎皮辣椒,辣椒,蒜末、醬油、糖、少許油,140,2,10,https://github.com/lihua00120/chat-_bot/blob/main/images/九層塔烘蛋.jpg
涼拌辣椒皮蛋,辣椒、皮蛋,醋、醬油、蒜蓉、香油,160,10,6,https://github.com/lihua00120/chat-_bot/blob/main/images/九層塔烘蛋.jpg
蒜香辣椒炒小魚乾,辣椒、小魚乾,蒜頭、少許油、白芝麻,200,14,7,https://github.com/lihua00120/chat-_bot/blob/main/images/九層塔烘蛋.jpg
辣椒炒蛋,辣椒、雞蛋,鹽、黑胡椒、少許油,210,12,6,https://github.com/lihua00120/chat-_bot/blob/main/images/九層塔烘蛋.jpg
辣椒燉雞翅,辣椒、雞翅,蒜頭、醬油、米酒、糖,320,26,10,https://github.com/lihua00120/chat-_bot/blob/main/images/九層塔烘蛋.jpg
佛手瓜炒肉絲,隼人瓜、豬肉絲,蒜頭、醬油、少許油、黑胡椒,220,18,8,https://github.com/lihua00120/chat-_bot/blob/main/images/九層塔烘蛋.jpg
佛手瓜味噌湯,味噌、豆腐、隼人瓜,昆布高湯、蔥花,140,9,12,https://github.com/lihua00120/chat-_bot/blob/main/images/九層塔烘蛋.jpg
涼拌佛手瓜絲,隼人瓜,蒜蓉、白醋、糖、鹽、白芝麻,80,2,14,https://github.com/lihua00120/chat-_bot/blob/main/images/九層塔烘蛋.jpg
佛手瓜煎餅,隼人瓜、麵粉,雞蛋、鹽、胡椒、蔥花,230,7,32,https://github.com/lihua00120/chat-_bot/blob/main/images/九層塔烘蛋.jpg
佛手瓜燉雞腿,隼人瓜、雞腿肉,薑片、米酒、鹽、高湯,320,26,10,https://github.com/lihua00120/chat-_bot/blob/main/images/九層塔烘蛋.jpg
青花菜鮮蝦炒,青花苔、蝦仁,蒜頭、鹽、米酒、白胡椒、少許油,190,18,7,https://github.com/lihua00120/chat-_bot/blob/main/images/九層塔烘蛋.jpg
焗烤青花菜,青花苔,起司、奶油、黑胡椒、鹽,240,8,12,https://github.com/lihua00120/chat-_bot/blob/main/images/九層塔烘蛋.jpg
青花菜雞肉清湯,青花苔、雞肉,薑片、鹽、高湯,160,15,6,https://github.com/lihua00120/chat-_bot/blob/main/images/九層塔烘蛋.jpg
胡麻青花菜,青花苔,芝麻醬、醬油、蒜蓉、白醋,130,4,10,https://github.com/lihua00120/chat-_bot/blob/main/images/九層塔烘蛋.jpg
青花菜煎蛋餅,青花苔、雞蛋,鹽、胡椒、少許油、蔥花,210,14,8,https://github.com/lihua00120/chat-_bot/blob/main/images/九層塔烘蛋.jpg
蔥燒豆腐,青蔥、板豆腐,醬油、糖、蒜頭、米酒,220,14,12,https://github.com/lihua00120/chat-_bot/blob/main/images/九層塔烘蛋.jpg
蔥煎蛋餅,青蔥、雞蛋,麵粉、鹽、胡椒、少許油,260,12,28,https://github.com/lihua00120/chat-_bot/blob/main/images/九層塔烘蛋.jpg
蔥油雞胸,青蔥、雞胸肉,薑絲、鹽、香油、白胡椒,280,30,4,https://github.com/lihua00120/chat-_bot/blob/main/images/九層塔烘蛋.jpg
蔥燒鮮菇,青蔥、鮮香菇,醬油、米酒、糖、蒜末,180,6,14,https://github.com/lihua00120/chat-_bot/blob/main/images/九層塔烘蛋.jpg
涼拌蔥絲拌豆皮,青蔥、豆皮,醬油、白芝麻、香油、白醋,150,8,10,https://github.com/lihua00120/chat-_bot/blob/main/images/九層塔烘蛋.jpg
馬鈴薯燉肉,胡蘿蔔、馬鈴薯、豬肉塊,醬油、薑片、蒜頭、糖,360,24,28,https://github.com/lihua00120/chat-_bot/blob/main/images/九層塔烘蛋.jpg
馬鈴薯海鮮濃湯,蝦仁、洋蔥、馬鈴薯,牛奶、奶油,260,12,22,https://github.com/lihua00120/chat-_bot/blob/main/images/九層塔烘蛋.jpg
香煎馬鈴薯餅,馬鈴薯,麵粉、雞蛋、胡椒、鹽,240,7,30,https://github.com/lihua00120/chat-_bot/blob/main/images/九層塔烘蛋.jpg
馬鈴薯烤雞盤,馬鈴薯、雞腿肉,迷迭香、橄欖油、黑胡椒、鹽,420,30,18,https://github.com/lihua00120/chat-_bot/blob/main/images/九層塔烘蛋.jpg
涼拌馬鈴薯絲,馬鈴薯,醋、蒜蓉、辣椒絲、糖、鹽,150,3,26,https://github.com/lihua00120/chat-_bot/blob/main/images/九層塔烘蛋.jpg
涼拌秋葵,黃秋葵,蒜蓉、醬油、白芝麻、香油,80,3,7,https://github.com/lihua00120/chat-_bot/blob/main/images/九層塔烘蛋.jpg
蒜香秋葵炒蝦仁,黃秋葵、蝦仁,蒜頭、米酒、鹽、白胡椒,180,20,6,https://github.com/lihua00120/chat-_bot/blob/main/images/九層塔烘蛋.jpg
秋葵味噌湯,味噌、豆腐、黃秋葵,昆布高湯、蔥花,140,9,10,https://github.com/lihua00120/chat-_bot/blob/main/images/九層塔烘蛋.jpg
香煎秋葵培根卷,黃秋葵、培根,黑胡椒、少許油,220,12,6,https://github.com/lihua00120/chat-_bot/blob/main/images/九層塔烘蛋.jpg
咖哩秋葵雞,黃秋葵、雞胸肉,咖哩粉、洋蔥、牛奶、鹽,320,28,14,https://github.com/lihua00120/chat-_bot/blob/main/images/九層塔烘蛋.jpg
結球甘藍炒肉絲,球莖甘藍、豬肉絲,蒜頭、醬油、少許油、黑胡椒,220,18,10,https://github.com/lihua00120/chat-_bot/blob/main/images/九層塔烘蛋.jpg
結球甘藍味噌湯,味噌、豆腐、球莖甘藍,昆布高湯、蔥花,140,9,12,https://github.com/lihua00120/chat-_bot/blob/main/images/九層塔烘蛋.jpg
涼拌結球甘藍絲,球莖甘藍,白醋、糖、胡椒、鹽、白芝麻,70,2,14,https://github.com/lihua00120/chat-_bot/blob/main/images/九層塔烘蛋.jpg
結球甘藍煎餅,球莖甘藍、麵粉,雞蛋、胡椒、鹽、少許油,230,7,32,https://github.com/lihua00120/chat-_bot/blob/main/images/九層塔烘蛋.jpg
結球甘藍燉雞腿,球莖甘藍、雞腿肉,薑片、米酒、鹽、高湯,320,26,10,https://github.com/lihua00120/chat-_bot/blob/main/images/九層塔烘蛋.jpg
莧菜蛋花湯,莧菜、雞蛋,薑片、鹽、高湯,110,7,4,https://github.com/lihua00120/chat-_bot/blob/main/images/九層塔烘蛋.jpg
清炒莧菜,莧菜,蒜頭、鹽、少許油,90,3,5,https://github.com/lihua00120/chat-_bot/blob/main/images/九層塔烘蛋.jpg
蒜蓉莧菜拌豆腐,莧菜、嫩豆腐,蒜蓉、醬油、香油,150,10,6,https://github.com/lihua00120/chat-_bot/blob/main/images/九層塔烘蛋.jpg
莧菜瘦肉粥,白米、莧菜、豬瘦肉,薑絲、鹽,230,14,32,https://github.com/lihua00120/chat-_bot/blob/main/images/九層塔烘蛋.jpg
莧菜皮蛋湯,莧菜、皮蛋,薑片、鹽、高湯,140,8,6,https://github.com/lihua00120/chat-_bot/blob/main/images/九層塔烘蛋.jpg
清炒蠶豆,萊豆,蒜頭、鹽、少許油,150,7,18,https://github.com/lihua00120/chat-_bot/blob/main/images/九層塔烘蛋.jpg
鹽焗蠶豆,萊豆,鹽、水,160,10,20,https://github.com/lihua00120/chat-_bot/blob/main/images/九層塔烘蛋.jpg
蠶豆燒肉,萊豆、豬肉片,蒜頭、醬油、糖、米酒,280,18,15,https://github.com/lihua00120/chat-_bot/blob/main/images/九層塔烘蛋.jpg
蠶豆雞湯,萊豆、雞肉,薑片、鹽、高湯,220,20,12,https://github.com/lihua00120/chat-_bot/blob/main/images/九層塔烘蛋.jpg
蠶豆煎餅,萊豆、麵粉,雞蛋、鹽、胡椒、少許油,240,9,30,https://github.com/lihua00120/chat-_bot/blob/main/images/九層塔烘蛋.jpg
清炒豌豆仁,碗豆,蒜頭、鹽、少許油,130,5,14,https://github.com/lihua00120/chat-_bot/blob/main/images/九層塔烘蛋.jpg
豌豆燴蛋,碗豆、雞蛋,鹽、白胡椒、少許油,200,12,10,https://github.com/lihua00120/chat-_bot/blob/main/images/九層塔烘蛋.jpg
豌豆雞肉湯,碗豆、雞肉,薑片、鹽、高湯,180,15,9,https://github.com/lihua00120/chat-_bot/blob/main/images/九層塔烘蛋.jpg
奶油炒豌豆仁,奶油、洋蔥、碗豆,鹽、黑胡椒,160,4,12,https://github.com/lihua00120/chat-_bot/blob/main/images/九層塔烘蛋.jpg
豌豆火腿炒飯,碗豆、白飯、火腿丁,雞蛋、鹽、胡椒、少許油,420,14,58,https://github.com/lihua00120/chat-_bot/blob/main/images/九層塔烘蛋.jpg
香茅烤雞腿,香茅、雞腿肉,蒜頭、魚露、糖、醬油、檸檬葉,350,28,10,https://github.com/lihua00120/chat-_bot/blob/main/images/九層塔烘蛋.jpg
香茅蝦湯,香茅、蝦仁,薑、蒜頭、辣椒、椰奶、檸檬汁,260,22,12,https://github.com/lihua00120/chat-_bot/blob/main/images/九層塔烘蛋.jpg
香茅豬肉串,香茅、豬肉片,蒜蓉、醬油、糖、黑胡椒,300,24,9,https://github.com/lihua00120/chat-_bot/blob/main/images/九層塔烘蛋.jpg
香茅炒蛤蜊,香茅、蛤蜊,蒜頭、辣椒、米酒、薑片,180,14,6,https://github.com/lihua00120/chat-_bot/blob/main/images/九層塔烘蛋.jpg
香茅牛肉片,香茅、牛肉片,蒜頭、魚露、砂糖、辣椒,320,26,8,https://github.com/lihua00120/chat-_bot/blob/main/images/九層塔烘蛋.jpg
牛蒡炒肉絲,牛蒡、豬肉絲,蒜頭、醬油、糖、少許油,250,18,14,https://github.com/lihua00120/chat-_bot/blob/main/images/九層塔烘蛋.jpg
牛蒡雞湯,牛蒡、雞肉,薑片、鹽、高湯,180,16,8,https://github.com/lihua00120/chat-_bot/blob/main/images/九層塔烘蛋.jpg
涼拌牛蒡絲,牛蒡,白芝麻、醋、糖、鹽,110,3,20,https://github.com/lihua00120/chat-_bot/blob/main/images/九層塔烘蛋.jpg
牛蒡炊飯,牛蒡、白米、紅蘿蔔、香菇,醬油、昆布高湯,360,8,65,https://github.com/lihua00120/chat-_bot/blob/main/images/九層塔烘蛋.jpg
牛蒡天婦羅,牛蒡,麵糊、鹽、少許油,240,4,28,https://github.com/lihua00120/chat-_bot/blob/main/images/九層塔烘蛋.jpg
滷花生,落花生,醬油、糖、八角、鹽,180,8,15,https://github.com/lihua00120/chat-_bot/blob/main/images/九層塔烘蛋.jpg
鹽水花生,落花生,水、鹽,160,7,10,https://github.com/lihua00120/chat-_bot/blob/main/images/九層塔烘蛋.jpg
花生雞湯,落花生、雞肉,薑片、米酒、鹽,250,20,12,https://github.com/lihua00120/chat-_bot/blob/main/images/九層塔烘蛋.jpg
花生燉豬腳,落花生、豬腳,薑片、醬油、冰糖、米酒,420,25,18,https://github.com/lihua00120/chat-_bot/blob/main/images/九層塔烘蛋.jpg
涼拌花生小黃瓜,落花生、小黃瓜,蒜蓉、醋、醬油、香油,140,5,10,https://github.com/lihua00120/chat-_bot/blob/main/images/九層塔烘蛋.jpg
涼拌越瓜,越瓜,蒜蓉、醋、糖、鹽,70,2,10,https://github.com/lihua00120/chat-_bot/blob/main/images/九層塔烘蛋.jpg
越瓜肉片湯,越瓜、豬肉片,薑片、鹽、高湯,150,14,6,https://github.com/lihua00120/chat-_bot/blob/main/images/九層塔烘蛋.jpg
越瓜炒蛋,越瓜、雞蛋,鹽、胡椒、少許油,190,12,8,https://github.com/lihua00120/chat-_bot/blob/main/images/九層塔烘蛋.jpg
越瓜紅燒雞,越瓜、雞肉,醬油、糖、蒜頭、米酒,320,26,10,https://github.com/lihua00120/chat-_bot/blob/main/images/九層塔烘蛋.jpg
越瓜拌海帶芽,越瓜、海帶芽,白芝麻、醋、醬油、香油,90,3,12,https://github.com/lihua00120/chat-_bot/blob/main/images/九層塔烘蛋.jpg
韭菜炒蛋,韭菜、雞蛋,鹽、胡椒、少許油,210,12,7,https://github.com/lihua00120/chat-_bot/blob/main/images/九層塔烘蛋.jpg
韭菜餃子餡,韭菜、豬絞肉,薑末、醬油、麻油,280,18,20,https://github.com/lihua00120/chat-_bot/blob/main/images/九層塔烘蛋.jpg
韭菜花炒蝦仁,韭菜、蝦仁,蒜頭、鹽、米酒,200,20,6,https://github.com/lihua00120/chat-_bot/blob/main/images/九層塔烘蛋.jpg
韭菜豆干炒,韭菜、豆干,蒜頭、醬油、辣椒,160,12,10,https://github.com/lihua00120/chat-_bot/blob/main/images/九層塔烘蛋.jpg
韭菜豬肝湯,韭菜、豬肝,薑片、鹽、高湯,190,18,5,https://github.com/lihua00120/chat-_bot/blob/main/images/九層塔烘蛋.jpg
清炒秀珍菇,秀珍菇,蒜頭、鹽、少許油,120,4,10,https://github.com/lihua00120/chat-_bot/blob/main/images/九層塔烘蛋.jpg
秀珍菇味噌湯,味噌、豆腐、秀珍菇,昆布高湯,150,9,12,https://github.com/lihua00120/chat-_bot/blob/main/images/九層塔烘蛋.jpg
黑胡椒秀珍菇炒雞丁,秀珍菇、雞胸肉丁,黑胡椒、蒜頭、醬油,260,24,10,https://github.com/lihua00120/chat-_bot/blob/main/images/九層塔烘蛋.jpg
香煎秀珍菇,秀珍菇,奶油、黑胡椒、鹽,160,5,8,https://github.com/lihua00120/chat-_bot/blob/main/images/九層塔烘蛋.jpg
秀珍菇燉豆腐,秀珍菇、板豆腐,薑片、醬油、蔥花,180,12,9,https://github.com/lihua00120/chat-_bot/blob/main/images/九層塔烘蛋.jpg
清炒萵筍片,萵苣莖,蒜頭、鹽、少許油,120,3,10,https://github.com/lihua00120/chat-_bot/blob/main/images/九層塔烘蛋.jpg
涼拌萵筍絲,萵苣莖,白醋、糖、蒜蓉、白芝麻,90,2,12,https://github.com/lihua00120/chat-_bot/blob/main/images/九層塔烘蛋.jpg
萵筍炒肉絲,萵苣莖、豬肉絲,醬油、蒜頭、米酒,240,18,9,https://github.com/lihua00120/chat-_bot/blob/main/images/九層塔烘蛋.jpg
萵筍雞肉湯,萵苣莖、雞肉,薑片、鹽、高湯,180,16,6,https://github.com/lihua00120/chat-_bot/blob/main/images/九層塔烘蛋.jpg
辣炒萵筍丁,萵苣莖,辣椒、蒜頭、醬油、少許油,140,3,11,https://github.com/lihua00120/chat-_bot/blob/main/images/九層塔烘蛋.jpg
蠔菇鹽酥,蠔菇,太白粉、蒜酥、胡椒粉、鹽、少許油,260,6,20,https://github.com/lihua00120/chat-_bot/blob/main/images/九層塔烘蛋.jpg
三杯蠔菇,蠔菇、九層塔,麻油、醬油、糖、薑片、蒜頭,210,5,18,https://github.com/lihua00120/chat-_bot/blob/main/images/九層塔烘蛋.jpg
蠔菇炒山蘇,蠔菇、山蘇,蒜頭、鹽、米酒,180,5,10,https://github.com/lihua00120/chat-_bot/blob/main/images/九層塔烘蛋.jpg
紅燒蠔菇,蠔菇、香菇,醬油、冰糖、薑片,190,5,22,https://github.com/lihua00120/chat-_bot/blob/main/images/九層塔烘蛋.jpg
蠔菇粥,蠔菇、白米,薑絲、鹽、香油,230,6,35,https://github.com/lihua00120/chat-_bot/blob/main/images/九層塔烘蛋.jpg
金絲菇蒜拌,金絲菇,蒜蓉、醬油、香油、白芝麻,80,3,10,https://github.com/lihua00120/chat-_bot/blob/main/images/九層塔烘蛋.jpg
金絲菇牛肉卷,金絲菇、牛肉片,醬油、米酒、黑胡椒,230,20,8,https://github.com/lihua00120/chat-_bot/blob/main/images/九層塔烘蛋.jpg
金絲菇蛋花湯,金絲菇,雞蛋、高湯、鹽、白胡椒,120,9,8,https://github.com/lihua00120/chat-_bot/blob/main/images/九層塔烘蛋.jpg
涼拌金絲菇小黃瓜,金絲菇、小黃瓜,醋、蒜蓉、糖、辣椒,90,2,12,https://github.com/lihua00120/chat-_bot/blob/main/images/九層塔烘蛋.jpg
金絲菇炒蝦仁,金絲菇、蝦仁,蒜頭、米酒、鹽、少許油,180,17,7,https://github.com/lihua00120/chat-_bot/blob/main/images/九層塔烘蛋.jpg
洛神花蜜餞,洛神花,糖、鹽、檸檬汁,120,1,30,https://github.com/lihua00120/chat-_bot/blob/main/images/九層塔烘蛋.jpg
洛神花茶,洛神花,熱水、蜂蜜,40,0,10,https://github.com/lihua00120/chat-_bot/blob/main/images/九層塔烘蛋.jpg
洛神花醋飲,洛神花,蘋果醋、砂糖、水,50,0,12,https://github.com/lihua00120/chat-_bot/blob/main/images/九層塔烘蛋.jpg
洛神花涼拌洋蔥,洛神花、洋蔥絲,醋、糖、少許鹽,60,1,14,https://github.com/lihua00120/chat-_bot/blob/main/images/九層塔烘蛋.jpg
洛神花燉排骨,洛神花、排骨,薑片、鹽、冰糖,260,20,10,https://github.com/lihua00120/chat-_bot/blob/main/images/九層塔烘蛋.jpg
鹽水毛豆,毛豆,鹽、蒜頭、八角,180,12,12,https://github.com/lihua00120/chat-_bot/blob/main/images/九層塔烘蛋.jpg
蒜香辣炒毛豆,毛豆,蒜頭、辣椒、醬油、少許油,200,13,14,https://github.com/lihua00120/chat-_bot/blob/main/images/九層塔烘蛋.jpg
毛豆炒飯,毛豆、白飯,雞蛋、蔥、醬油,420,14,55,https://github.com/lihua00120/chat-_bot/blob/main/images/九層塔烘蛋.jpg
毛豆雞湯,毛豆、雞肉,薑片、鹽,230,20,10,https://github.com/lihua00120/chat-_bot/blob/main/images/九層塔烘蛋.jpg
毛豆燉豆腐,毛豆、板豆腐,蒜頭、醬油、薑片,200,16,12,https://github.com/lihua00120/chat-_bot/blob/main/images/九層塔烘蛋.jpg
蒜蓉炒紅鳳菜,紅鳳菜,蒜頭、鹽、少許油,90,3,6,https://github.com/lihua00120/chat-_bot/blob/main/images/九層塔烘蛋.jpg
紅鳳菜湯,紅鳳菜,薑片、枸杞、鹽,110,4,7,https://github.com/lihua00120/chat-_bot/blob/main/images/九層塔烘蛋.jpg
紅鳳菜炒蛋,紅鳳菜、雞蛋,鹽、胡椒、少許油,200,12,6,https://github.com/lihua00120/chat-_bot/blob/main/images/九層塔烘蛋.jpg
紅鳳菜蒜拌,紅鳳菜,蒜蓉、醬油、香油,80,2,6,https://github.com/lihua00120/chat-_bot/blob/main/images/九層塔烘蛋.jpg
紅鳳菜雞絲湯,紅鳳菜、雞胸肉絲,薑片、鹽,150,16,6,https://github.com/lihua00120/chat-_bot/blob/main/images/九層塔烘蛋.jpg
蒜蓉炒晚香玉筍,晚香玉筍,蒜頭、鹽、少許油,110,3,8,https://github.com/lihua00120/chat-_bot/blob/main/images/九層塔烘蛋.jpg
晚香玉筍炒肉絲,晚香玉筍、豬肉絲,蒜頭、醬油、少許油,230,18,10,https://github.com/lihua00120/chat-_bot/blob/main/images/九層塔烘蛋.jpg
晚香玉筍雞肉湯,晚香玉筍、雞肉,薑片、鹽,170,15,7,https://github.com/lihua00120/chat-_bot/blob/main/images/九層塔烘蛋.jpg
涼拌晚香玉筍,晚香玉筍,蒜蓉、醋、醬油、香油,90,2,7,https://github.com/lihua00120/chat-_bot/blob/main/images/九層塔烘蛋.jpg
晚香玉筍炒蝦仁,晚香玉筍、蝦仁,蒜頭、米酒、鹽,190,18,6,https://github.com/lihua00120/chat-_bot/blob/main/images/九層塔烘蛋.jpg
蒜蓉炒茼蒿,茼蒿,蒜頭、鹽、少許油,90,3,6,https://github.com/lihua00120/chat-_bot/blob/main/images/九層塔烘蛋.jpg
茼蒿蛋花湯,雞蛋、茼蒿,鹽、高湯,120,7,5,https://github.com/lihua00120/chat-_bot/blob/main/images/九層塔烘蛋.jpg
涼拌茼蒿,茼蒿,蒜蓉、醋、醬油、香油,80,2,6,https://github.com/lihua00120/chat-_bot/blob/main/images/九層塔烘蛋.jpg
茼蒿炒牛肉片,茼蒿、牛肉片,蒜頭、醬油、米酒,280,24,9,https://github.com/lihua00120/chat-_bot/blob/main/images/九層塔烘蛋.jpg
茼蒿雞肉鍋,茼蒿、雞肉,薑片、鹽、火鍋湯底,260,20,10,https://github.com/lihua00120/chat-_bot/blob/main/images/九層塔烘蛋.jpg
涼拌木耳,濕木耳,蒜蓉、醋、醬油、香油,80,2,6,https://github.com/lihua00120/chat-_bot/blob/main/images/九層塔烘蛋.jpg
木耳炒蛋,濕木耳、雞蛋,蒜頭、鹽、少許油,200,12,8,https://github.com/lihua00120/chat-_bot/blob/main/images/九層塔烘蛋.jpg
木耳燉雞湯,濕木耳、雞肉,薑片、鹽、高湯,260,20,10,https://github.com/lihua00120/chat-_bot/blob/main/images/九層塔烘蛋.jpg
木耳炒豬肉片,濕木耳、豬肉片,蒜頭、醬油、米酒,280,22,10,https://github.com/lihua00120/chat-_bot/blob/main/images/九層塔烘蛋.jpg
木耳小黃瓜涼拌,濕木耳、小黃瓜,蒜蓉、醋、糖、醬油,90,2,8,https://github.com/lihua00120/chat-_bot/blob/main/images/九層塔烘蛋.jpg
香菇燉雞,濕香菇、雞肉,薑片、米酒、鹽,280,22,10,https://github.com/lihua00120/chat-_bot/blob/main/images/九層塔烘蛋.jpg
香菇炒青菜,濕香菇、青菜,蒜頭、鹽、少許油,110,3,7,https://github.com/lihua00120/chat-_bot/blob/main/images/九層塔烘蛋.jpg
紅燒香菇,濕香菇,醬油、冰糖、薑片,160,4,20,https://github.com/lihua00120/chat-_bot/blob/main/images/九層塔烘蛋.jpg
香菇豆腐煲,濕香菇、板豆腐,蒜頭、醬油、少許油,210,14,12,https://github.com/lihua00120/chat-_bot/blob/main/images/九層塔烘蛋.jpg
香菇雞湯,濕香菇、雞肉,高湯、薑片、鹽,250,20,8,https://github.com/lihua00120/chat-_bot/blob/main/images/九層塔烘蛋.jpg
涼拌蕨菜,蕨菜,蒜蓉、醋、醬油、香油,70,2,8,https://github.com/lihua00120/chat-_bot/blob/main/images/九層塔烘蛋.jpg
蕨菜炒蛋,蕨菜、雞蛋,蒜頭、鹽、少許油,190,12,6,https://github.com/lihua00120/chat-_bot/blob/main/images/九層塔烘蛋.jpg
蕨菜炒肉絲,蕨菜、豬肉絲,蒜頭、醬油、米酒,240,18,10,https://github.com/lihua00120/chat-_bot/blob/main/images/九層塔烘蛋.jpg
蕨菜味噌湯,蕨菜,味噌、昆布高湯、豆腐,140,9,10,https://github.com/lihua00120/chat-_bot/blob/main/images/九層塔烘蛋.jpg
胡麻蕨菜,蕨菜,芝麻醬、醬油、糖、蒜蓉,120,4,10,https://github.com/lihua00120/chat-_bot/blob/main/images/九層塔烘蛋.jpg
蒜蓉炒青江菜,青江白菜,蒜頭、鹽、少許油,90,3,6,https://github.com/lihua00120/chat-_bot/blob/main/images/九層塔烘蛋.jpg
青江菜豆腐湯,青江白菜、嫩豆腐,薑片、高湯、鹽,130,10,5,https://github.com/lihua00120/chat-_bot/blob/main/images/九層塔烘蛋.jpg
蠔油青江菜,青江白菜,蠔油、蒜頭、少許油,120,3,10,https://github.com/lihua00120/chat-_bot/blob/main/images/九層塔烘蛋.jpg
青江菜炒雞絲,青江白菜、雞胸肉絲,蒜頭、醬油、胡椒,210,22,8,https://github.com/lihua00120/chat-_bot/blob/main/images/九層塔烘蛋.jpg
胡麻青江菜,青江白菜,芝麻醬、醬油、糖、蒜蓉,150,4,12,https://github.com/lihua00120/chat-_bot/blob/main/images/九層塔烘蛋.jpg





